<?xml version="1.0" encoding="UTF-8"?>
<PXD xmlns:xsi="http://www.w3.org/2001/XMLSchema-instance" Version="1.0">
	<GeneralSettings>
		<Properties>
			<Property Name="B_ID" Description="Duomenų tiekėjo identifikacinis numeris"/>
			<Property Name="B_Name" Description="Duomenų tiekėjo pavadinimas"/>
			<Property Name="B_Adress" Description="Duomenų tiekėjo adresas"/>
			<Property Name="B_Telephone" Description="Duomenų tiekėjo telefono numeris"/>
			<Property Name="B_Email" Description="Duomenų tiekėjo elektroninis paštas"/>
			<Property Name="B_Fax" Description="Duomenų tiekėjo fakso numeris"/>
			<Property Name="B_Filler" Description="Duomenis užpildžiuso asmens vardas ir pavardė"/>
			<Property Name="FFDATA_PATH" Description="Katalogas, kuriame saugoma duomenų (.ffdata) byla"/>
			<Property Name="MXFD_PATH" Description="Katalogas, kuriame saugoma formos (.mxfd) byla"/>
			<Property Name="DSC_NAME" Description="Pasirašymo komponentės (Data Signing Component) pavadinimas"/>
		</Properties>
	</GeneralSettings>
	<Providers>
		<Provider Name="Registrų Centras">
			<Properties>
				<Property Name="B_FS_ID" Description="Finansinės atskaitomybės kodas"/>
			</Properties>
		</Provider>
		<Provider Name="VMI">
			<Properties>
				<Property Name="B_Municipality_Code" Description="Savivaldybės kodas"/>
				<Property Name="B_VAT_Payer_Code" Description="PVM mokėtojo kodas"/>
			</Properties>
		</Provider>
		<Provider Name="Statistikos DepartamentasI">
			<Properties>
				<Property Name="B_Propertie_Code" Description="Nuosavybės formos kodas"/>
				<Property Name="B_EVRK_ID" Description="Pagrindinės veiklos kodas (EVRK)"/>
				<Property Name="B_EVRK_Name" Description="Pagrindinės veiklos pavadinimas (EVRK)"/>
				<Property Name="B_Manager_Name" Description="Įmonės vadovas arba jo įgaliotas asmuo"/>
			</Properties>
		</Provider>
		<Provider Name="SODRA">
      <Properties>
        <Property Name="InsurerName" Description="Draudėjo pavadinimas"></Property>
        <Property Name="InsurerCode" Description="Draudėjo kodas"></Property>
        <Property Name="JuridicalPersonCode" Description="Draudėjo juridinio asmens kodas"></Property>
        <Property Name="InsurerPhone" Description="Draudėjo tel. nr."></Property>
        <Property Name="InsurerAddress" Description="Draudėjo adresas"></Property>
        <Property Name="RecipientDepName" Description="Skyriaus, kuriam teikiamas pranešimas, pavadinimas"></Property>
        <Property Name="TaxRateInsurer" Description="Socialinio draudimo įmokų tarifas draudėjui"></Property>
        <Property Name="TaxRatePerson" Description="Socialinio draudimo įmokų tarifas apdraustajam"></Property>
        <Property Name="ManagerJobPosition" Description="Vadovo ar įgalioto asmens pareigų pavadinimas"></Property>
        <Property Name="ManagerFullName" Description="Vadovo ar įgalioto asmens vardas, pavardė"></Property>
        <Property Name="PreparatorDetails" Description="Pranešimą užpildžiusio asmens vardas, pavardė, tel. nr., el. pašto adresas"></Property>
        <Property Name="TaxRateRep" Description="Socialinio draudimo įmokų tarifas"></Property>
     </Properties>
    </Provider>		
	</Providers>
</PXD>
